Тип агента;Наименование агента;Электронная почта агента;Телефон агента;Логотип агента;Юридический адрес;Приоритет;Директор;ИНН;КПП
МФО;СервисПив;email: znosov@vasilev.ru;+7 (922) 325-12-93;нет;840377, Рязанская область, город Щёлково, пл. Бухарестская, 42;329 в приоритете на поставку;Никита Александрович Королёв;6861024038;218034630
ООО;СантехСеверЛенМашина;email: pgorbacev@vasilev.net;(812) 214-73-94;\agents\agent_99.png;606990, Новосибирская область, город Павловский Посад, въезд Домодедовская, 38;201;Павел Максимович Рожков;3506691089;830713603
ЗАО;ЭлектроРемОрионЛизинг;email: anfisa.fedotova@tvetkov.ru;phone: (495) 513-93-16;\agents\agent_93.png;594365, Ярославская область, город Павловский Посад, бульвар Космонавтов, 64;Приоритет = 198;Тарасова Дан Львович;1340072597;500478249
ЗАО;РыбАлмазГаражСнаб;diana.gorbunov@gromov.ru;phone: (35222) 46-54-74;\agents\agent_29.png;278792, Воронежская область, город Люберцы, ул. Космонавтов, 07;50;Власов Ян Львович;2135119617;916748563
МКК;CибБашкирТекстиль;vzimina@zdanova.com;phone: (35222) 92-28-68;\agents\agent_94.png;429540, Мурманская область, город Воскресенск, пл. Славы, 36;218 в приоритете на поставку;Григорий Владимирович Елисеева;7392007090;576103661
ОАО;ЮпитерТяжОрионЭкспедиция;gblokin@orlov.net;(812) 819-51-58;\agents\agent_69.png;960726, Томская область, город Орехово-Зуево, въезд 1905 года, 51;446 в приоритете на поставку;Валерий Евгеньевич Виноградов;6843174002;935556458
ОАО;КазаньТекстиль;osimonova@andreeva.com;+7 (922) 936-37-67;\agents\agent_72.png;231891, Челябинская область, город Шатура, бульвар Ладыгина, 40;Приоритет = 156;Александров Бронислав Максимович;4584384019;149680499
ОАО;МясИнфоМясТраст;dgulyev@krasilnikov.ru;phone: (812) 375-59-29;\agents\agent_43.png;873144, Курская область, город Талдом, проезд Домодедовская, 46;16;Лихачёваа Оксана Романовна;6387079446;113956342
МКК;АвтоТомскЦементЦентр;kabanov.valentina@subbotina.ru;(35222) 24-98-18;\agents\agent_40.png;282009, Вологодская область, город Красногорск, пл. Домодедовская, 14;71 в приоритете на поставку;Леонид Иванович Афанасьева;8317739640;940326934
ПАО;Радио;rtretykova@kozlov.ru;(35222) 84-44-92;\agents\agent_68.png;798718, Ленинградская область, город Пушкино, бульвар Балканская, 37;221;Эмма Андреевна Колесникова;9077613654;657690787
ОАО;ДизайнФинансМикро;email: varvara15@belousov.ru;(495) 223-67-97;отсутствует;775051, Иркутская область, город Серебряные Пруды, спуск Домодедовская, 41;Приоритет = 462;Кузьма Борисович Королёва;2700182907;141912770
ЗАО;Креп;savina.dominika@belousova.com;(495) 315-25-86;\agents\agent_64.png;336489, Калининградская область, город Можайск, наб. Славы, 35;371 в приоритете на поставку;Назар Алексеевич Григорьева;4880732317;258673591
ПАО;ЖелДорДизайнМетизТраст;lnikitina@kulikova.com;8-800-692-72-18;нет;170549, Сахалинская область, город Видное, проезд Космонавтов, 89;290 в приоритете на поставку;Игорь Львович Агафонова;7669116841;906390137
ООО;Асбоцемент;email: antonin19@panfilov.ru;phone: (812) 152-28-78;\agents\agent_59.png;030119, Курганская область, город Дмитров, пер. Славы, 47;273;Никитинаа Антонина Андреевна;1261407459;745921890
ПАО;Мобайл;email: rafail22@orlov.ru;phone: (495) 532-54-42;\agents\agent_53.png;273144, Калужская область, город Наро-Фоминск, бульвар Чехова, 70;40;Горшков Кузьма Фёдорович;3655195522;395816585
ЗАО;ТекстильУралАвтоОпт;hkononova@pavlova.ru;(495) 418-67-55;\agents\agent_97.png;028936, Магаданская область, город Видное, ул. Гагарина, 54;176;Алина Сергеевна Дьячковаа;3930950057;678529397
МФО;Башкир;iskra.sergeev@zykov.com;8-800-656-63-99;\agents\agent_33.png;513065, Рязанская область, город Одинцово, шоссе Славы, 93;35 в приоритете на поставку;Одинцова Розалина Дмитриевна;3105334340;117513650
МКК;ГорДор;maiy12@koklov.net;(812) 364-46-64;\agents\agent_77.png;376483, Калужская область, город Сергиев Посад, ул. Славы, 09;Приоритет = 175;Нонна Львовна Одинцоваа;7088187045;440309946
ООО;Компания Рос;email: odenisov@knyzeva.ru;phone: (35222) 32-99-94;нет;479740, Оренбургская область, город Наро-Фоминск, наб. Будапештсткая, 36;Приоритет = 252;Алёна Ивановна Тимофеева;5502989807;518320454
ОАО;КазЮпитерТомск;tgavrilov@frolov.ru;phone: (35222) 24-85-54;\agents\agent_85.png;393450, Тульская область, город Кашира, пр. 1905 года, 47;244 в приоритете на поставку;Рафаил Андреевич Копылов;9201745524;510248846
ПАО;СеверГаз;smukina@evseev.com;(812) 973-88-81;\agents\agent_15.png;509479, Орловская область, город Павловский Посад, спуск Бухарестская, 28;Приоритет = 83;Валериан Андреевич Кириллова;7908427926;249521550
ООО;Компания КазАлмаз;irina.gusina@vlasova.ru;phone: +7 (922) 692-21-57;\agents\agent_105.png;848810, Кемеровская область, город Лотошино, пер. Ломоносова, 90;396;Марк Фёдорович Муравьёва;3084797352;123190924
ОАО;ЦементАсбоцементОрионТраст;igulyeva@kostina.ru;(495) 979-36-66;\agents\agent_28.png;221534, Орловская область, город Серебряные Пруды, проезд Гагарина, 54;441;Павлова Марк Александрович;2972154471;668972219
ООО;Компания Электро;blokin.sofiy@terentev.ru;(35222) 63-92-83;\agents\agent_41.png;183744, Рязанская область, город Клин, въезд Косиора, 29;340;Кабанов Кирилл Максимович;4335399269;780051451
ЗАО;БашкирЮпитерТомск;email: dyckov.veniamin@kotova.ru;phone: (812) 395-91-75;\agents\agent_84.png;035268, Сахалинская область, город Волоколамск, проезд Ладыгина, 51;Приоритет = 139;Фадеева Раиса Александровна;1606315697;217799345
ЗАО;ОрионВектор;email: subbotin.rostislav@zueva.org;+7 (922) 456-59-29;\agents\agent_22.png;138159, Свердловская область, город Подольск, спуск Балканская, 72;496;Алексей Борисович Семёнова;5687675108;816451597
МФО;Рос;potapov.abram@trofimova.org;+7 (922) 822-88-76;\agents\agent_36.png;412597, Калужская область, город Клин, пр. Гагарина, 57;Приоритет = 158;Никифороваа Рената Сергеевна;6729448041;935241906
МКК;ДизайнВосток;efimova.timofei@tretykova.ru;+7 (922) 767-84-15;\agents\agent_17.png;680394, Оренбургская область, город Павловский Посад, спуск Косиора, 50;188 в приоритете на поставку;Добрыня Сергеевич Кабанов;6222265808;245694799
ОАО;РемГаражЛифт;novikova.gleb@sestakov.ru;phone: (35222) 18-85-61;\agents\agent_90.png;048715, Ивановская область, город Люберцы, проезд Космонавтов, 89;374;Филатов Владимир Максимович;1656477206;988968838
ООО;ПивГлав;email: sofiy.bolsakov@isakova.ru;phone: 8-800-153-74-46;\agents\agent_27.png;244290, Астраханская область, город Талдом, проезд Космонавтов, 17;329;Клим Иванович Юдин;3090235456;870818930
ООО;Компания Гараж;email: asiryeva@andreeva.com;phone: (35222) 22-47-12;\agents\agent_91.png;395101, Белгородская область, город Балашиха, бульвар 1905 года, 00;413;Владлена Фёдоровна Ларионоваа;6190244524;399106161
МФО;Монтаж;zakar.sazonova@gavrilov.ru;(495) 783-36-97;\agents\agent_66.png;066594, Магаданская область, город Шаховская, спуск Сталина, 59;300 в приоритете на поставку;Блохина Сергей Максимович;6142194281;154457435
ОАО;ВодГараж;pmaslov@fomiceva.com;phone: (35222) 11-75-66;\agents\agent_92.png;988899, Саратовская область, город Раменское, пр. Славы, 40;250;Лаврентий Фёдорович Логинова;5575072431;684290320
ООО;Компания Метал;vasileva.tatyna@lebedeva.net;phone: (35222) 99-39-28;\agents\agent_16.png;908229, Иркутская область, город Истра, бульвар Бухарестская, 97;167;Валентина Ивановна Громова;9933367989;856443865
МФО;Бум;email: belova.vikentii@konstantinova.net;phone: +7 (922) 282-82-91;\agents\agent_103.png;409600, Новгородская область, город Ногинск, пл. Гагарина, 68;82 в приоритете на поставку;Татьяна Сергеевна Королёваа;1953785418;122905583
ПАО;Гор;rostislav.savelev@dmitrieva.ru;(812) 327-52-23;\agents\agent_46.png;245009, Белгородская область, город Коломна, шоссе Домодедовская, 93;85;Адриан Александрович Одинцов;6196739969;784512010
ЗАО;МясРеч;bkozlov@volkov.ru;phone: (812) 256-74-95;\agents\agent_83.png;903648, Калужская область, город Воскресенск, пр. Будапештсткая, 91;355;Белоусоваа Ирина Максимовна;9254261217;656363498
ОАО;МясТрансМоторЛизинг;email: vlad.sokolov@andreev.org;phone: (495) 489-75-57;\agents\agent_87.png;765320, Ивановская область, город Шатура, спуск Гоголя, 88;268;Тамара Дмитриевна Семёноваа;6148685143;196332656
ООО;Компания ТелекомХмельГаражПром;qkolesnikova@kalinina.ru;phone: 8-800-617-13-37;\agents\agent_96.png;126668, Ростовская область, город Зарайск, наб. Гагарина, 69;457 в приоритете на поставку;Костина Татьяна Борисовна;1614623826;824882264
ООО;МетизТехАвтоПроф;anastasiy.gromov@samsonova.com;8-800-192-74-77;\agents\agent_58.png;713016, Брянская область, город Подольск, пл. Домодедовская, 93;321;Егор Фёдорович Третьякова;2988890076;215491048
ООО;РосАвтоМонтаж;lapin.inessa@isaeva.com;phone: 8-800-468-91-51;\agents\agent_80.png;331914, Курская область, город Ногинск, спуск Ладыгина, 66;10;Диана Алексеевна Исаковаа;4735043946;263682488
ООО;Компания КрепГаз;iturova@isakova.ru;phone: 8-800-971-62-32;\agents\agent_48.png;415525, Воронежская область, город Орехово-Зуево, спуск Ленина, 14;50;Эмилия Фёдоровна Шилова;2910821636;169856199
ЗАО;БухТеле;vasilev.svetlana@saskov.org;phone: (35222) 89-78-68;\agents\agent_18.png;481781, Астраханская область, город Орехово-Зуево, спуск Ломоносова, 67;171;Клавдия Романовна Савина;3547826061;581933218
ПАО;ТяжМяж;email: bzykov@baranov.com;phone: (812) 425-28-46;\agents\agent_55.png;255489, Самарская область, город Озёры, ул. Ломоносова, 09;472;Юлия Львовна Горбунова;6391522710;209038885
ОАО;Тех;vasilisa99@belyev.ru;phone: +7 (922) 113-94-49;\agents\agent_86.png;731935, Калининградская область, город Павловский Посад, наб. Гагарина, 59;Приоритет = 278;Аким Романович Логинова;9282924869;587356429
МФО;ГлавITФлотПроф;email: savva.rybov@kolobov.ru;(35222) 33-48-16;\agents\agent_89.png;447811, Мурманская область, город Егорьевск, ул. Ленина, 24;62 в приоритете на поставку;Зыкова Стефан Максимович;2561361494;525678825
МФО;Восток;nsitnikova@tikonova.org;(495) 227-66-48;не указано;284236, Воронежская область, город Павловский Посад, бульвар Ленина, 28;380;Савинаа Нина Александровна;8929775900;788028687
МКК;ТелекомЮпитер;kulikov.adrian@zuravlev.org;(812) 798-33-53;\agents\agent_106.png;959793, Курская область, город Егорьевск, бульвар Ленина, 72;302;Калинина Татьяна Ивановна;9383182378;944520594
ЗАО;МонтажВекторМобайлЦентр;pavel.davydova@tretykov.net;(495) 566-98-62;\agents\agent_32.png;094869, Ленинградская область, город Ступино, наб. Ленина, 80;372 в приоритете на поставку;Захар Александрович Панова;4433392652;757806909
ООО;ВостокГлав;gordei95@kirillov.ru;+7 (922) 329-34-28;\agents\agent_88.png;217022, Ростовская область, город Озёры, ул. Домодедовская, 19;Приоритет = 107;Инга Фёдоровна Дмитриева;3580946305;405017349
ООО;Компания КрепЦемент;email: rusakov.efim@nikiforov.ru;8-800-628-79-67;\agents\agent_75.png;423477, Мурманская область, город Кашира, бульвар Домодедовская, 61;Приоритет = 426;Екатерина Львовна Суворова;3025099903;606083992
ЗАО;ЖелДор;email: karitonova.fedosy@vasileva.net;(35222) 26-55-64;\agents\agent_51.png;860124, Иркутская область, город Егорьевск, пер. Гагарина, 67;429;Симоноваа Лариса Борисовна;9392505809;911026119
ООО;Компания Хмель;email: ermakov.mark@isakova.ru;(35222) 27-19-66;\agents\agent_67.png;889757, Новосибирская область, город Раменское, бульвар 1905 года, 93;2 в приоритете на поставку;Владимир Борисович Суворова;9004087602;297273898
ООО;Цемент;email: panova.klementina@bobrov.ru;phone: +7 (922) 859-19-97;\agents\agent_79.png;084315, Амурская область, город Шаховская, наб. Чехова, 62;340 в приоритете на поставку;Анфиса Фёдоровна Буроваа;9662118663;650216214
МФО;ЛенМобайлМикро;frolov.artem@zuravlev.ru;phone: (35222) 96-34-97;\agents\agent_52.png;737175, Ростовская область, город Одинцово, ул. Космонавтов, 99;341;Изабелла Евгеньевна Дьячкова;6729041572;828657559
ООО;Компания ТверьДизайн;email: ypotapov@kolesnikova.ru;phone: 8-800-234-93-22;\agents\agent_37.png;672492, Калининградская область, город Москва, проезд Сталина, 64;Приоритет = 271;Доминика Александровна Никитинаа;3567301661;623881311
ЗАО;ВодТверьХозМашина;tkrylov@baranova.net;phone: (495) 756-36-72;\agents\agent_81.png;145030, Сахалинская область, город Шатура, въезд Гоголя, 79;Приоритет = 8;Александра Дмитриевна Ждановаа;4174253174;522227145
ЗАО;ТелеГлавВекторСбыт;nsitnikov@kovaleva.ru;+7 (922) 619-91-52;\agents\agent_56.png;062489, Челябинская область, город Пушкино, въезд Бухарестская, 07;185 в приоритете на поставку;Екатерина Фёдоровна Ковалёва;9504787157;419758597
ООО;БашкирИнжКрепСбыт;email: vlad.molcanov@fomicev.ru;+7 (922) 495-46-18;\agents\agent_24.png;191420, Новосибирская область, город Ногинск, пер. Будапештсткая, 28;Приоритет = 475;Алиса Фёдоровна Архипова;6771467761;977595370
МКК;ТрансТверь;dorofeev.milan@vorobeva.net;(35222) 22-74-12;\agents\agent_25.png;818676, Томская область, город Павловский Посад, ул. Ладыгина, 27;495;Алина Романовна Овчинникова;3311036393;590018934
МКК;ТелеСеверМикро;koseleva.ylii@potapov.ru;phone: (35222) 66-26-65;\agents\agent_12.png;046300, Орловская область, город Ступино, бульвар Бухарестская, 13;254 в приоритете на поставку;Селезнёв Василий Евгеньевич;9534974527;344691556
ЗАО;CибПивОмскСнаб;evorontova@potapova.ru;phone: (812) 743-49-87;не указано;816260, Ивановская область, город Москва, ул. Гагарина, 31;477 в приоритете на поставку;Людмила Александровна Сафонова;5676173945;256512286
МФО;ЛенБухМикро-H;email: rybov.tatyna@merkuseva.com;(812) 421-59-75;\agents\agent_30.png;078797, Мурманская область, город Коломна, пр. Гоголя, 94;Приоритет = 242;Субботин Герасим Владимирович;5943902570;103426359
МКК;ЮпитерЛенГараж-М;larkipova@gorbunov.ru;(812) 229-34-18;\agents\agent_73.png;339507, Московская область, город Видное, ул. Космонавтов, 11;Приоритет = 470;Васильева Валерия Борисовна;2038393690;259672761
ОАО;МорВостокТомскПром;lev.efremov@frolov.ru;phone: +7 (922) 258-96-16;\agents\agent_20.png;034623, Белгородская область, город Павловский Посад, проезд Ломоносова, 72;Приоритет = 198;Гавриил Евгеньевич Селиверстов;4082127026;544686044
ООО;Компания ФинансСервис;email: robert.serbakov@safonova.ru;phone: 8-800-358-54-99;\agents\agent_63.png;841700, Брянская область, город Серпухов, спуск Домодедовская, 35;Приоритет = 395;Клавдия Сергеевна Виноградова;7491491391;673621812
ООО;Метиз;email: mersova@rodionova.ru;phone: (35222) 81-78-92;\agents\agent_54.png;455463, Ярославская область, город Серпухов, пер. Бухарестская, 01;Приоритет = 168;Ян Иванович Егоров;4433116074;949226221
МКК;ФлотБух;tkuznetova@sukanova.ru;+7 (922) 155-75-21;\agents\agent_21.png;741647, Ульяновская область, город Наро-Фоминск, ул. 1905 года, 11;Приоритет = 385;Муравьёваа Мария Дмитриевна;4868711532;409331823
ОАО;КазХоз;istrelkova@fomin.ru;8-800-955-44-52;не указано;384162, Астраханская область, город Одинцово, бульвар Гагарина, 57;213 в приоритете на поставку;Степанова Роман Иванович;6503377671;232279972
ПАО;Орион;aleksei63@kiselev.ru;(35222) 58-77-96;\agents\agent_102.png;951035, Ивановская область, город Ступино, шоссе Космонавтов, 73;166;Мартынов Михаил Борисович;2670166502;716874456
ОАО;РечИнж;qloginova@antonov.com;(812) 971-47-98;\agents\agent_8.png;862241, Кемеровская область, город Москва, пер. Славы, 63;426;Донат Иванович Кудрявцев;9289300952;534867576
ОАО;РосПивТверь;vitalii.melnikov@kopylov.com;phone: +7 (922) 692-73-72;\agents\agent_11.png;053965, Магаданская область, город Видное, наб. Балканская, 41;368;Люся Фёдоровна Горшковаа;2857470864;732899890
МФО;КрепТелекомТекстильМашина;ignatov.adam@kononova.org;+7 (922) 278-54-95;\agents\agent_39.png;754514, Тверская область, город Люберцы, пл. Домодедовская, 84;259;Богданов Денис Максимович;7626613684;187506967
ОАО;МорГлавМонтажЭкспедиция;flukin@moiseeva.com;phone: (812) 161-96-49;\agents\agent_34.png;313619, Читинская область, город Чехов, ул. Ленина, 38;329;Анастасия Львовна Субботинаа;8619846965;796144573
ПАО;ТекстильУралВод;email: obespalov@alekseev.org;(495) 614-67-93;\agents\agent_9.png;872673, Ярославская область, город Видное, спуск Славы, 04;28 в приоритете на поставку;Эльвира Фёдоровна Герасимова;8336124514;871193263
МФО;Газ;ulyna.antonov@noskov.ru;8-800-278-78-32;\agents\agent_101.png;252821, Тамбовская область, город Пушкино, ул. Чехова, 40;170;Терентьев Илларион Максимович;8876413796;955381891
ООО;ТомскТранс;antonina.krasilnikov@nikonov.ru;(35222) 66-22-46;\agents\agent_47.png;271624, Свердловская область, город Озёры, ул. Косиора, 21;427 в приоритете на поставку;Архипова Юрий Дмитриевич;6523850838;970092830
ООО;Компания ТехТеле;anfisa63@sobolev.ru;8-800-943-36-45;\agents\agent_42.png;285256, Магаданская область, город Дмитров, шоссе Ладыгина, 20;465;Тихонова Валериан Владимирович;1553744119;713327632
ОАО;СофтИнжIT;yliy.efimov@zdanova.ru;phone: 8-800-319-27-45;\agents\agent_50.png;146295, Тверская область, город Одинцово, въезд Бухарестская, 78;460;Виктор Львович Михайлова;2368693812;791368408
ООО;Компания Монтаж;afanasev.anastasiy@muravev.ru;(495) 626-86-13;\agents\agent_100.png;036381, Брянская область, город Кашира, бульвар Гагарина, 76;124 в приоритете на поставку;Силин Даниил Иванович;6206428565;118570048
ОАО;СтройГорНефть;email: lysy.kolesnikova@molcanova.com;(495) 852-82-84;\agents\agent_62.png;444539, Ульяновская область, город Лотошино, спуск Будапештсткая, 95;161;Тарасова Макар Максимович;5916775587;398299418
ОАО;ЦементХмельОрионНаладка;email: daniil.selezneva@safonova.com;+7 (922) 419-14-19;\agents\agent_49.png;014379, Кировская область, город Озёры, пр. Будапештсткая, 28;61 в приоритете на поставку;Максим Евгеньевич Гурьева;2118874929;482607758
ООО;Компания ОрионСтройЛифт;artemii.abramova@arkipov.ru;8-800-381-59-97;отсутствует;819305, Воронежская область, город Талдом, шоссе Ломоносова, 36;467;Щукина Искра Максимовна;8834229587;958311664
МФО;Тяж;rodionova.ulyna@noskov.ru;+7 (922) 547-77-52;\agents\agent_35.png;650482, Смоленская область, город Коломна, проезд Косиора, 95;207 в приоритете на поставку;Белов Влад Александрович;5484904441;943388774
ЗАО;ЦементАсбоцемент;polykov.veronika@artemeva.ru;phone: +7 (922) 133-68-96;\agents\agent_76.png;619540, Курская область, город Раменское, пл. Балканская, 12;426;Воронова Мария Александровна;4345774724;352469905
МКК;ГазДизайнЖелДор;email: elizaveta.komarov@rybakov.net;phone: (35222) 39-88-91;\agents\agent_74.png;695230, Курская область, город Красногорск, пр. Гоголя, 64;236;Лев Иванович Третьяков;2396029740;458924890
ОАО;РемСантехОмскБанк;email: anisimov.mark@vorobev.ru;phone: (35222) 76-15-56;\agents\agent_82.png;289468, Омская область, город Видное, пер. Балканская, 33;Приоритет = 442;Фокина Искра Максимовна;6823050572;176488617
МФО;Мясо;email: ulyna.antonov@noskov.ru;phone: +7 (922) 315-51-42;\agents\agent_107.png;252821, Тамбовская область, город Пушкино, ул. Чехова, 40;170 в приоритете на поставку;Терентьев Илларион Максимович;1876413796;955381891
ПАО;КрепГаражСантехМаш;vladlen84@ersova.net;(495) 172-31-91;\agents\agent_10.png;207204, Пензенская область, город Одинцово, пер. Гагарина, 80;330;Аркадий Романович Тихонов;7574946061;146206755
МФО;ИнжITЖелДор-H;karitonov.aleksandra@samoilov.com;(495) 324-18-82;\agents\agent_14.png;019291, Вологодская область, город Клин, ул. Космонавтов, 96;129 в приоритете на поставку;Колесникова Август Владимирович;8103088511;604606043
ЗАО;Рем;zanna25@nikiforova.com;(35222) 46-69-69;\agents\agent_104.png;707812, Иркутская область, город Шаховская, ул. Гагарина, 17;329 в приоритете на поставку;Шароваа Елизавета Львовна;3203830728;456254820
ПАО;ФинансТелеТверь;medvedev.klim@afanasev.com;phone: (495) 839-58-56;\agents\agent_70.png;687171, Томская область, город Лотошино, пл. Славы, 59;100 в приоритете на поставку;Зайцеваа Дарья Сергеевна;2646091050;971874277
МФО;Строй;email: soloveva.adam@andreev.ru;+7 (922) 129-57-13;\agents\agent_57.png;763019, Омская область, город Шатура, пл. Сталина, 56;12;Кудрявцев Адриан Андреевич;6678884759;279288618
ЗАО;ЭлектроITITСбыт;email: eliseeva.sofy@gorskov.net;(812) 326-15-27;\agents\agent_23.png;855489, Вологодская область, город Серебряные Пруды, пл. Ломоносова, 57;452;Якушеваа Варвара Романовна;1532104861;112607081
МКК;ЛенХозМясБанк;email: bobrov.viktor@kazakova.ru;(35222) 26-15-93;\agents\agent_31.png;702413, Саратовская область, город Люберцы, въезд Чехова, 15;Приоритет = 17;Арсений Алексеевич Виноградова;9266199692;335770867
ОАО;ЭлектроМоторТрансСнос;inessa.voronov@sidorova.ru;(495) 951-23-53;\agents\agent_98.png;913777, Самарская область, город Красногорск, ул. Бухарестская, 49;151;Людмила Евгеньевна Новиковаа;6608362851;799760512
ООО;Компания СервисРадиоГор;nika.nekrasova@kovalev.ru;(812) 871-21-15;\agents\agent_65.png;547196, Ульяновская область, город Серебряные Пруды, въезд Балканская, 81;169;Попов Вадим Александрович;8880473721;729975116
ООО;Компания МясДизайнДизайн;gleb.gulyev@belyeva.com;(495) 752-21-98;\agents\agent_78.png;557264, Брянская область, город Серпухов, въезд Гоголя, 34;491 в приоритете на поставку;Клементина Сергеевна Стрелкова;8004989990;908629456
МКК;БашкирФлотМотор-H;morozova.nika@kazakova.ru;(812) 737-79-77;\agents\agent_61.png;008081, Тюменская область, город Ногинск, въезд Гагарина, 94;416;Марат Алексеевич Фролов;1657476072;934931159
ОАО;СофтМонтажХозСбыт;zinaida90@filippov.org;phone: (495) 396-23-64;\agents\agent_44.png;860932, Калужская область, город Наро-Фоминск, ул. Балканская, 78;403;Харитонов Антонин Владимирович;5408216010;737659265
